Workbook

Sheet Petunjuk
A1: Skenario Uji QA — Presensi Proyek (Web Admin, API Mobile, Laporan)
A2: Versi aplikasi: Fase 1–3 · Dibuat: 2 Oktober 2026
A4: LINGKUNGAN UJI
A5: Web admin | B5: http://<server>/login (lokal: http://127.0.0.1:8000/login)
A6: API mobile | B6: http://<server>/api/v1 — dokumentasi: docs/api/API_MOBILE.md
A7: Simulasi aplikasi mobile | B7: Aplikasi Flutter belum dibuat. Uji sisi mobile memakai koleksi Postman docs/api/Presensi_Proyek_API.postman_collection.json + environment Presensi_Proyek_Local (lihat deskripsi koleksi).
A8: Reset data uji | B8: cd backend → php artisan migrate:fresh --seed (data demo: proyek KDR, 9 karyawan, 270 presensi Bulan ke-1 dari ABSENSI BULAN 1.pdf)
A9: Login per peran | B9: Daftar lengkap & langkah migrasi data awal: halaman web dokumentasi API (docs/api/API_MOBILE.html, bagian 8–9)
A10: Perintah server | B10: php artisan attendance:close-day <Y-m-d> → tandai alpha/libur php artisan attendance:flag-missing-checkout → tandai lupa check-out php artisan schedule:work → jalankan scheduler & antrean laporan
A12: AKUN UJI | B12: Username | C12: Password | D12: Peran
B13: admin | C13: password | D13: Super admin (web)
B14: admin.kdr | C14: password | D14: Admin proyek KDR (web)
B15: edi.santoso | C15: Presensi#2026 | D15: Team Leader proyek KDR (web terbatas + mobile)
B16: agus.irawan, budiarto, puguh.sarwono, danang.trisno, … | C16: Presensi#2026 | D16: Karyawan (mobile)
A18: DATA LOKASI | B18: Titik proyek KDR: -7.3154, 112.6855 · radius 100 m
B19: Dalam radius: -7.31545, 112.68552 · Di luar radius (±500 m): -7.3109, 112.6855
A21: CARA MENGISI | B21: Isi kolom "Hasil aktual", pilih "Status", catat ID bug pada kolom "Bug / catatan" dan detailnya di sheet "Bug Log". Ringkasan terhitung otomatis.
A22: Status | B22: Belum diuji · Pass · Fail · Blocked (tidak bisa diuji karena prasyarat/bug lain)
A23: Prioritas | B23: Tinggi = fungsi inti/keamanan · Sedang = fungsi pendukung · Rendah = kosmetik/kenyamanan
A24: Urutan disarankan | B24: 1) API-001 (koleksi Postman otomatis) → 2) WEB → 3) API manual → 4) RPT → 5) BIS. Reset data bila skenario saling mengganggu.

Sheet Ringkasan
A1: Ringkasan Hasil Uji
A3: Modul | B3: Total kasus | C3: Pass | D3: Fail | E3: Blocked | F3: Belum diuji | G3: Progres | H3: Tingkat lulus | I3: Fail prioritas tinggi
A4: Web Admin | B4: =COUNTA('Web Admin'!A2:A500) -> 69 | C4: =COUNTIF('Web Admin'!K2:K500,"Pass") -> 0 | D4: =COUNTIF('Web Admin'!K2:K500,"Fail") -> 0 | E4: =COUNTIF('Web Admin'!K2:K500,"Blocked") -> 0 | F4: =COUNTIF('Web Admin'!K2:K500,"Belum diuji") -> 69 | G4: =IF(B4=0,0,(C4+D4+E4)/B4) -> 0 | H4: =IF(C4+D4=0,0,C4/(C4+D4)) -> 0 | I4: =COUNTIFS('Web Admin'!K2:K500,"Fail",'Web Admin'!D2:D500,"Tinggi") -> 0
A5: API Mobile | B5: =COUNTA('API Mobile'!A2:A500) -> 26 | C5: =COUNTIF('API Mobile'!K2:K500,"Pass") -> 0 | D5: =COUNTIF('API Mobile'!K2:K500,"Fail") -> 0 | E5: =COUNTIF('API Mobile'!K2:K500,"Blocked") -> 0 | F5: =COUNTIF('API Mobile'!K2:K500,"Belum diuji") -> 26 | G5: =IF(B5=0,0,(C5+D5+E5)/B5) -> 0 | H5: =IF(C5+D5=0,0,C5/(C5+D5)) -> 0 | I5: =COUNTIFS('API Mobile'!K2:K500,"Fail",'API Mobile'!D2:D500,"Tinggi") -> 0
A6: Laporan | B6: =COUNTA('Laporan'!A2:A500) -> 17 | C6: =COUNTIF('Laporan'!K2:K500,"Pass") -> 0 | D6: =COUNTIF('Laporan'!K2:K500,"Fail") -> 0 | E6: =COUNTIF('Laporan'!K2:K500,"Blocked") -> 0 | F6: =COUNTIF('Laporan'!K2:K500,"Belum diuji") -> 17 | G6: =IF(B6=0,0,(C6+D6+E6)/B6) -> 0 | H6: =IF(C6+D6=0,0,C6/(C6+D6)) -> 0 | I6: =COUNTIFS('Laporan'!K2:K500,"Fail",'Laporan'!D2:D500,"Tinggi") -> 0
A7: Skenario Bisnis | B7: =COUNTA('Skenario Bisnis'!A2:A500) -> 13 | C7: =COUNTIF('Skenario Bisnis'!K2:K500,"Pass") -> 0 | D7: =COUNTIF('Skenario Bisnis'!K2:K500,"Fail") -> 0 | E7: =COUNTIF('Skenario Bisnis'!K2:K500,"Blocked") -> 0 | F7: =COUNTIF('Skenario Bisnis'!K2:K500,"Belum diuji") -> 13 | G7: =IF(B7=0,0,(C7+D7+E7)/B7) -> 0 | H7: =IF(C7+D7=0,0,C7/(C7+D7)) -> 0 | I7: =COUNTIFS('Skenario Bisnis'!K2:K500,"Fail",'Skenario Bisnis'!D2:D500,"Tinggi") -> 0
A8: TOTAL | B8: =SUM(B4:B7) -> 125 | C8: =SUM(C4:C7) -> 0 | D8: =SUM(D4:D7) -> 0 | E8: =SUM(E4:E7) -> 0 | F8: =SUM(F4:F7) -> 125 | G8: =IF(B8=0,0,(C8+D8+E8)/B8) -> 0 | H8: =IF(C8+D8=0,0,C8/(C8+D8)) -> 0 | I8: =SUM(I4:I7) -> 0
A10: Kriteria lulus rilis: 0 kasus Fail berprioritas Tinggi dan tingkat lulus ≥ 95%.

Sheet Web Admin
A1: ID | B1: Fitur | C1: Skenario | D1: Prioritas | E1: Akun / alat | F1: Prasyarat | G1: Langkah | H1: Data uji | I1: Hasil yang diharapkan | J1: Hasil aktual | K1: Status | L1: Bug / catatan | M1: Penguji | N1: Tanggal uji
A2: WEB-001 | B2: Login | C2: Login super admin berhasil | D2: Tinggi | E2: admin / password | F2: Database demo (migrate:fresh --seed) | G2: 1. Buka /login 2. Isi username & password 3. Klik Masuk | H2: admin / password | I2: Masuk ke Dashboard proyek KDR; nama "Super Admin" tampil di kanan atas | K2: Belum diuji
A3: WEB-002 | B3: Login | C3: Password salah | D3: Tinggi | E3: - | F3: - | G3: 1. Isi username benar, password salah 2. Klik Masuk | H3: admin / salah123 | I3: Tetap di halaman login dengan pesan "Username atau password salah." | K3: Belum diuji
A4: WEB-003 | B4: Login | C4: Pembatasan percobaan login | D4: Sedang | E4: - | F4: - | G4: Login salah 6 kali berturut-turut dengan username yang sama | H4: admin / salah | I4: Percobaan ke-6 ditolak: "Terlalu banyak percobaan. Coba lagi dalam … detik." | K4: Belum diuji
A5: WEB-004 | B5: Login | C5: Akun karyawan biasa ditolak di web | D5: Tinggi | E5: agus.irawan / Presensi#2026 (karyawan) | F5: - | G5: Login web memakai akun karyawan | H5: agus.irawan | I5: Ditolak: "Akun ini hanya untuk aplikasi mobile." | K5: Belum diuji
A6: WEB-005 | B6: Hak akses | C6: Menu Team Leader terbatas | D6: Tinggi | E6: edi.santoso / Presensi#2026 (Team Leader) | F6: - | G6: 1. Login sebagai TL 2. Periksa menu sidebar 3. Buka URL /employees dan /settings/project langsung | H6: - | I6: Menu hanya Dashboard, Monitoring Presensi, Persetujuan, Laporan Absensi. URL /employees & /settings/project → halaman 403 | K6: Belum diuji
A7: WEB-006 | B7: Hak akses | C7: Admin proyek hanya proyek yang ditugaskan | D7: Tinggi | E7: admin / password | F7: Ada ≥ 2 proyek (lihat WEB-062) | G7: 1. Buat admin proyek untuk proyek KDR saja (WEB-064) 2. Login sebagai admin tsb 3. Buka pemilih proyek & URL /users, /settings/app | H7: - | I7: Pemilih proyek hanya berisi KDR; /users dan /settings/app → 403 | K7: Belum diuji
A8: WEB-007 | B8: Login | C8: Logout | D8: Rendah | E8: admin / password | F8: Sudah login | G8: Menu user → Keluar | H8: - | I8: Kembali ke halaman login; tombol Back tidak membuka halaman admin | K8: Belum diuji
A9: WEB-008 | B9: Akun | C9: Ganti password sendiri | D9: Sedang | E9: admin / password | F9: - | G9: 1. Menu user → Ganti password 2. Isi password lama salah → Simpan 3. Isi benar + password baru → Simpan 4. Logout & login dengan password baru | H9: baru: Admin12345 | I9: Langkah 2: error di field password lama. Langkah 3: toast "Password berhasil diubah." Langkah 4: login berhasil | K9: Belum diuji
A10: WEB-009 | B10: Navigasi | C10: Ganti proyek aktif | D10: Sedang | E10: admin / password | F10: Ada ≥ 2 proyek | G10: Klik pemilih proyek di topbar → pilih proyek lain | H10: - | I10: Halaman dimuat ulang dengan data proyek terpilih; kode proyek di topbar berubah | K10: Belum diuji
A11: WEB-010 | B11: Tampilan | C11: Responsif di layar HP | D11: Sedang | E11: admin / password | F11: - | G11: Buka web di HP / mode responsif browser lebar 390 px; tekan ikon menu | H11: - | I11: Sidebar tersembunyi & muncul lewat tombol menu; kartu dan tabel tidak terpotong (tabel bisa digulir / kolom ringkas) | K11: Belum diuji
A12: WEB-011 | B12: Dashboard | C12: Ringkasan tanggal dengan data | D12: Tinggi | E12: admin / password | F12: Data demo | G12: Dashboard → pilih tanggal 20 Mar 2026 | H12: 2026-03-20 | I12: Tingkat kehadiran 100%, Hadir 9, 9 sudah check-out; grafik 14 hari berisi batang hijau; peta menampilkan lingkaran radius & titik check-in; aktivitas terbaru terisi | K12: Belum diuji
A13: WEB-012 | B13: Dashboard | C13: Ganti tanggal & kembali ke hari ini | D13: Sedang | E13: admin / password | F13: - | G13: 1. Pilih tanggal lain 2. Klik "Hari ini" | H13: - | I13: Ringkasan berubah sesuai tanggal; tombol Hari ini kembali ke tanggal sekarang | K13: Belum diuji
... A70: WEB-069 | B70: Pengaturan aplikasi | C70: Versi minimum aplikasi | D70: Rendah | E70: admin / password + Postman (koleksi docs/api) | F70: - | G70: Ubah versi minimum ke 1.2.0 → GET /app/info; isi "1.2" → Simpan | H70: - | I70: API mengembalikan min_app_version 1.2.0; format salah ditolak | K70: Belum diuji

Sheet API Mobile
A1: ID | B1: Fitur | C1: Skenario | D1: Prioritas | E1: Akun / alat | F1: Prasyarat | G1: Langkah | H1: Data uji | I1: Hasil yang diharapkan | J1: Hasil aktual | K1: Status | L1: Bug / catatan | M1: Penguji | N1: Tanggal uji
A2: API-001 | B2: Koleksi Postman | C2: Jalankan seluruh koleksi otomatis | D2: Tinggi | E2: Postman (koleksi docs/api) | F2: DB direset; server berjalan; sample-selfie.jpg di working directory | G2: Collection Runner (atau newman) seluruh koleksi berurutan | H2: Environment Presensi_Proyek_Local | I2: 41 request, 163 assertion lulus, 0 gagal | K2: Belum diuji
A3: API-002 | B3: Login | C3: Login & profil | D3: Tinggi | E3: agus.irawan / Presensi#2026 (karyawan) | F3: - | G3: POST /auth/login → GET /me | H3: - | I3: Token diterima; profil berisi nama, jabatan, proyek KDR, is_team_leader false | K3: Belum diuji
A4: API-003 | B4: Login | C4: Satu akun satu perangkat | D4: Tinggi | E4: agus.irawan / Presensi#2026 (karyawan) | F4: Login dengan device_id A | G4: Login dengan device_id B | H4: - | I4: 403 device_mismatch | K4: Belum diuji
A5: API-004 | B5: Login | C5: Login ulang di perangkat yang sama mencabut token lama | D5: Sedang | E5: agus.irawan / Presensi#2026 (karyawan) | F5: Token lama tersimpan | G5: Login lagi dengan device_id sama → GET /me memakai token lama | H5: - | I5: Token lama 401; token baru berlaku | K5: Belum diuji
A6: API-005 | B6: Login | C6: Rate limit login | D6: Rendah | E6: - | F6: - | G6: Kirim POST /auth/login 11 kali dalam 1 menit | H6: - | I6: Request ke-11 → 429 reason http_429 | K6: Belum diuji
A7: API-006 | B7: Konfigurasi | C7: Konfigurasi proyek | D7: Tinggi | E7: agus.irawan / Presensi#2026 (karyawan) | F7: - | G7: GET /projects/1/config | H7: - | I7: locations, shift, rules, holidays sesuai pengaturan web | K7: Belum diuji
A8: API-007 | B8: Presensi | C8: Check-in dalam lokasi | D8: Tinggi | E8: agus.irawan / Presensi#2026 (karyawan) | F8: Belum check-in hari ini | G8: POST /attendance/check-in koordinat -7.31545, 112.68552 | H8: - | I8: 201; mode onsite; distance_m kecil; foto bisa dibuka lewat thumb_url | K8: Belum diuji
A9: API-008 | B9: Presensi | C9: Di luar radius | D9: Tinggi | E9: agus.irawan / Presensi#2026 (karyawan) | F9: Luar lokasi tidak diizinkan | G9: Check-in di -7.3109, 112.6855 | H9: - | I9: 422 outside_radius; data.distance_m ≈ 500, radius_m 100 | K9: Belum diuji
A10: API-009 | B10: Presensi | C10: Lokasi palsu | D10: Tinggi | E10: agus.irawan / Presensi#2026 (karyawan) | F10: - | G10: Check-in dengan is_mock=true | H10: - | I10: 403 mock_location | K10: Belum diuji
A11: API-010 | B11: Presensi | C11: Akurasi GPS rendah | D11: Sedang | E11: agus.irawan / Presensi#2026 (karyawan) | F11: - | G11: Check-in online dengan accuracy=150 | H11: - | I11: 422 low_accuracy; data.accuracy 150, data.max 50 | K11: Belum diuji
A12: API-011 | B12: Presensi | C12: Kirim ulang uuid sama (idempotent) | D12: Tinggi | E12: agus.irawan / Presensi#2026 (karyawan) | F12: Sudah check-in dengan uuid X | G12: Kirim lagi check-in dengan uuid X | H12: - | I12: 200 dengan id presensi yang sama; tidak ada data ganda di Monitoring | K12: Belum diuji
A13: API-012 | B13: Presensi | C13: Check-in kedua di hari yang sama | D13: Tinggi | E13: agus.irawan / Presensi#2026 (karyawan) | F13: Sudah check-in | G13: Check-in dengan uuid baru | H13: - | I13: 409 already_checked_in | K13: Belum diuji
... A27: API-026 | B27: Sesi | C27: Logout | D27: Rendah | E27: agus.irawan / Presensi#2026 (karyawan) | F27: - | G27: POST /auth/logout → GET /me | H27: - | I27: 200 lalu 401 unauthenticated | K27: Belum diuji

Sheet Laporan
A1: ID | B1: Fitur | C1: Skenario | D1: Prioritas | E1: Akun / alat | F1: Prasyarat | G1: Langkah | H1: Data uji | I1: Hasil yang diharapkan | J1: Hasil aktual | K1: Status | L1: Bug / catatan | M1: Penguji | N1: Tanggal uji
A2: RPT-001 | B2: Individual | C2: Format sama dengan laporan acuan | D2: Tinggi | E2: admin / password | F2: Data demo; foto dimatikan/dinyalakan | G2: Laporan Absensi → Individual → Bulan ke-1 → Edi Santoso → Buat | H2: Bandingkan dengan ABSENSI BULAN 1.pdf | I2: Judul, periode 25/02/2026 - 26/03/2026, Tipe Laporan: Individual; kolom & urutan sama; jam HH:MM:SS; koordinat 4 desimal; durasi "9 jam 28 menit" (26/03) | K2: Belum diuji
A3: RPT-002 | B3: Semua karyawan | C3: PDF gabungan | D3: Tinggi | E3: admin / password | F3: Data demo, foto aktif | G3: Semua karyawan → Bulan ke-1 → Buat | H3: - | I3: 36 halaman (sama dengan acuan); urutan Team Leader dulu; setiap karyawan dimulai di halaman baru | K3: Belum diuji
A4: RPT-003 | B4: Tampilan | C4: Header tabel berulang | D4: Sedang | E4: admin / password | F4: - | G4: Buka PDF gabungan, lihat halaman 2–4 | H4: - | I4: Header biru muda muncul di setiap halaman; baris berselang abu-abu; garis tabel hitam | K4: Belum diuji
A5: RPT-004 | B5: Tanda tangan | C5: Satu penandatangan | D5: Tinggi | E5: admin / password | F5: 1 penandatangan aktif | G5: Lihat halaman terakhir tiap karyawan | H5: - | I5: Blok kanan: "Surabaya, 26 Maret 2026", "Dibuat", nama KSO, nama bergaris bawah, jabatan miring | K5: Belum diuji
A6: RPT-005 | B6: Tanda tangan | C6: 2–4 penandatangan | D6: Sedang | E6: admin / password | F6: WEB-059 | G6: Buat laporan lagi | H6: - | I6: Kolom tanda tangan dibagi rata; kota & tanggal di atas kolom paling kanan | K6: Belum diuji
A7: RPT-006 | B7: Opsi | C7: Tanpa foto | D7: Sedang | E7: admin / password | F7: - | G7: Matikan "Sertakan foto" → Buat | H7: - | I7: Kolom Foto tidak ada; ukuran berkas lebih kecil | K7: Belum diuji
A8: RPT-007 | B8: Periode | C8: Rentang tanggal bebas | D8: Sedang | E8: admin / password | F8: - | G8: 1. Rentang tanggal 1–15 Mar 2026 → Buat 2. Rentang > 93 hari | H8: - | I8: Periode di judul mengikuti rentang; > 93 hari ditolak | K8: Belum diuji
A9: RPT-008 | B9: Rekap | C9: Rekap PDF | D9: Tinggi | E9: admin / password | F9: Libur nasional aktif (opsional) | G9: Rekap → PDF → Bulan ke-1 | H9: - | I9: Matriks 9 karyawan × 30 tanggal berisi H; total H = 30; total jam; legenda; kolom hari libur diarsir | K9: Belum diuji
A10: RPT-009 | B10: Rekap | C10: Rekap Excel | D10: Tinggi | E10: admin / password | F10: - | G10: Rekap → Excel → Bulan ke-1 → buka di Excel | H10: - | I10: Sheet "Rekap" (warna per status, kolom beku) & "Detail" (filter aktif, 270 baris); total jam desimal | K10: Belum diuji
A11: RPT-010 | B11: Isi | C11: Pulang lewat tengah malam | D11: Tinggi | E11: admin / password | F11: WEB-042 dilakukan | G11: Buat laporan individual karyawan tsb | H11: - | I11: Kolom check-out "01:00:00 (+1)"; durasi 17 jam 0 menit | K11: Belum diuji
A12: RPT-011 | B12: Isi | C12: Keterangan status | D12: Sedang | E12: admin / password | F12: Ada presensi luar lokasi / hari libur / lupa check-out | G12: Buat laporan | H12: - | I12: Kolom Status menampilkan keterangan kecil: Luar lokasi / Hari libur / Lupa check-out; rekap menandai "*" untuk luar lokasi | K12: Belum diuji
A13: RPT-012 | B13: Antrean | C13: Laporan besar diproses di latar belakang | D13: Sedang | E13: admin / password | F13: .env REPORT_SYNC_MAX_ROWS=10; php artisan config:clear | G13: 1. Semua karyawan → Buat 2. Jalankan php artisan schedule:work | H13: - | I13: Riwayat menampilkan "Antre" lalu otomatis "Siap" setelah scheduler berjalan (tanpa muat ulang halaman) | K13: Belum diuji
... A18: RPT-017 | B18: Validasi | C18: Excel hanya untuk rekap | D18: Rendah | E18: admin / password | F18: - | G18: Pilih Individual / Semua karyawan | H18: - | I18: Pilihan format Excel tidak tersedia | K18: Belum diuji

Sheet Skenario Bisnis
A1: ID | B1: Fitur | C1: Skenario | D1: Prioritas | E1: Akun / alat | F1: Prasyarat | G1: Langkah | H1: Data uji | I1: Hasil yang diharapkan | J1: Hasil aktual | K1: Status | L1: Bug / catatan | M1: Penguji | N1: Tanggal uji
A2: BIS-001 | B2: Shift malam | C2: Pulang lewat tengah malam (waktu nyata) | D2: Tinggi | E2: agus.irawan / Presensi#2026 (karyawan) | F2: Lakukan pada malam hari | G2: 1. Check-in sekitar 20:00 2. Setelah 00:00: GET /attendance/today 3. Check-out (mis. 01:00) 4. Pagi: check-in hari baru | H2: - | I2: Langkah 2: attendance null, open_attendance = tanggal kemarin. Langkah 3: menutup presensi kemarin, next_day true. Langkah 4: presensi baru di tanggal hari ini. Laporan: "(+1)" | K2: Belum diuji
A3: BIS-002 | B3: Lupa check-out | C3: Penandaan otomatis | D3: Sedang | E3: agus.irawan / Presensi#2026 (karyawan) + server | F3: Ada check-in > 20 jam lalu tanpa check-out | G3: Jalankan php artisan attendance:flag-missing-checkout | H3: - | I3: Presensi bertanda "Lupa check-out" di Monitoring & dashboard (Perlu tindakan); check-out via API → 409 no_checkin | K3: Belum diuji
A4: BIS-003 | B4: Tutup hari | C4: Alpha otomatis | D4: Tinggi | E4: server | F4: Karyawan tanpa presensi di tanggal X (hari kerja) | G4: php artisan attendance:close-day X | H4: 2026-10-01 | I4: Karyawan tanpa presensi berstatus Alpha; dijalankan ulang tidak membuat data ganda | K4: Belum diuji
A5: BIS-004 | B5: Offline | C5: Data offline menimpa Alpha | D5: Tinggi | E5: agus.irawan / Presensi#2026 (karyawan) + server | F5: BIS-003 menghasilkan Alpha untuk tanggal X | G5: Sync offline check-in/out bertanggal X (≤ 72 jam) | H5: - | I5: Status Alpha berubah menjadi Hadir dengan penanda offline | K5: Belum diuji
A6: BIS-005 | B6: Izin | C6: Izin disetujui mempengaruhi presensi | D6: Tinggi | E6: agus.irawan / Presensi#2026 (karyawan) + edi.santoso / Presensi#2026 (Team Leader) | F6: - | G6: 1. Ajukan cuti 2 hari 2. TL menyetujui 3. Lihat Monitoring & laporan | H6: - | I6: Kedua tanggal berstatus Cuti; bila karyawan tetap check-in di tanggal tsb, statusnya Hadir | K6: Belum diuji
A7: BIS-006 | B7: Hari libur | C7: Libur nasional aktif | D7: Sedang | E7: admin / password + server | F7: Impor libur 2026; aktifkan libur nasional | G7: close-day pada tanggal libur; satu karyawan tetap check-in | H7: - | I7: Yang tidak masuk berstatus Libur; yang masuk Hadir + keterangan "Hari libur" | K7: Belum diuji
A8: BIS-007 | B8: Hari kerja | C8: Proyek 5 hari kerja | D8: Sedang | E8: admin / password + server | F8: Hari kerja Sen–Jum | G8: close-day pada hari Sabtu | H8: - | I8: Status Libur untuk yang tidak masuk | K8: Belum diuji
A9: BIS-008 | B9: Terlambat | C9: Status terlambat | D9: Tinggi | E9: admin / password + agus.irawan / Presensi#2026 (karyawan) | F9: WEB-027 | G9: Check-in melewati jam masuk + toleransi | H9: - | I9: Status Terlambat, menit terlambat benar; rekap kolom T bertambah | K9: Belum diuji
A10: BIS-009 | B10: Luar lokasi | C10: Ditandai vs perlu persetujuan | D10: Tinggi | E10: admin / password + agus.irawan / Presensi#2026 (karyawan) + edi.santoso / Presensi#2026 (Team Leader) | F10: - | G10: 1. Approval mati: check-in luar lokasi 2. Approval nyala: check-in luar lokasi → TL setujui/tolak | H10: - | I10: 1: langsung tercatat, chip Luar lokasi. 2: Menunggu → Disetujui/Ditolak; tercermin di Monitoring & API | K10: Belum diuji
A11: BIS-010 | B11: Multi proyek | C11: Karyawan di dua proyek | D11: Sedang | E11: admin / password + agus.irawan / Presensi#2026 (karyawan) | F11: WEB-024 | G11: Login API → presensi di proyek 1 & proyek 2 | H11: - | I11: Profil berisi 2 proyek; presensi tersimpan terpisah per proyek; masing-masing tampil hanya di proyeknya | K11: Belum diuji
A12: BIS-011 | B12: Periode | C12: Tanggal 25–26 di dua periode | D12: Sedang | E12: admin / password | F12: Data demo | G12: Laporan Bulan ke-1 dan Bulan ke-2 karyawan yang sama | H12: - | I12: Tanggal 25–26 Mar muncul di kedua laporan; di Monitoring tetap satu data per tanggal | K12: Belum diuji
A13: BIS-012 | B13: Zona waktu | C13: Proyek WITA | D13: Rendah | E13: admin / password + agus.irawan / Presensi#2026 (karyawan) | F13: Proyek baru zona WITA (WEB-062) dengan titik & karyawan | G13: Check-in → lihat jam di API, Monitoring, laporan | H13: - | I13: Jam tampil dalam WITA (+08:00) konsisten di semua tempat | K13: Belum diuji
A14: BIS-013 | B14: Keamanan | C14: Akses data proyek lain | D14: Tinggi | E14: Admin proyek | F14: Admin proyek hanya KDR | G14: Buka URL detail/foto presensi & laporan milik proyek lain (ganti id di URL) | H14: - | I14: Ditolak 403/404; tidak ada data proyek lain yang terlihat | K14: Belum diuji

Sheet Bug Log
A1: ID Bug | B1: Tanggal | C1: ID kasus uji | D1: Judul | E1: Langkah reproduksi | F1: Hasil diharapkan | G1: Hasil aktual | H1: Tingkat | I1: Lingkungan / perangkat | J1: Bukti (tautan screenshot) | K1: Status bug | L1: Ditangani oleh
A2: BUG-001
A3: BUG-002
A4: BUG-003
A5: BUG-004
A6: BUG-005
A7: BUG-006
A8: BUG-007
A9: BUG-008
A10: BUG-009
A11: BUG-010
A12: BUG-011
A13: BUG-012
... A101: BUG-100
